code,status,level,disposition,situation,message,next_step,note,invariant,details
VK0001,active,error,失敗,update、upgrade、add 列版本時沒有 registry 憑證,無法列舉 <repo> 的版本：需要 registry 讀取權限。可設定 VENDOR_KIT_REGISTRY_TOKEN（或 VENDOR_KIT_REGISTRY_TOKEN_FILE），或直接指定版本：just vendor_kit <指令> <repo>@<tag>（拉取使用主機 docker 認證）,,<指令> 依觸發的指令而定，add 時是 add，update、upgrade 時是 upgrade；<tag> 原樣印出，由使用者換成要安裝的版本 tag，例如 v1.2.3,,
VK0002,active,error,需人處理,操作需要詢問，但沒帶 -y 又不能互動（沒有終端，或讀到輸入結束）,需要確認，但沒有終端可以互動。除執行紀錄外，未修改任何檔。請在終端執行，或加上 -y 重新執行：<加上 -y 的原指令>,<加上 -y 的原指令>,,1,03_messages.md#vk0002
VK0003,active,error,需人處理,CI 模式下，基準版落後版本鎖定行,請在本機執行 just vendor_kit upgrade <repo> -y 後 commit 並 push,just vendor_kit upgrade <repo> -y,,3,
VK0004,active,error,需人處理,sync 發現某個工具未完成導入,<repo> 未完成導入，請執行：just vendor_kit add <repo>,just vendor_kit add <repo>,,3,
VK0005,active,error,需人處理,bootstrap.sh 發現主機的 just 低於 1.33.0,"需要 just ≥ 1.33.0，目前為 <version>。請使用 GitHub release 版。
下載：<平台對應的下載網址>
安裝：<安裝指令>",<安裝指令>,,5,03_messages.md#vk0005
VK0006,active,error,失敗,薄殼的檔跟這一版引擎的模板比對不符（內容被修改過，或不是這一版引擎的模板）,偵測到薄殼跟這一版引擎的模板不符：<files>。未重產任何薄殼。請先檢視下列差異；手動修改過的先還原，再執行：just vendor_kit upgrade --engine,,<files> 逐檔標出是哪一種；不重產薄殼；除執行紀錄外，不動 repo 檔與其他 VK 檔,6,
VK0007,active,fatal,失敗,upgrade --engine=<tag> 降版，但目標引擎無法無損讀取現有的 VK 檔,目標引擎 <vY>（介面版 <P>、檔案版 <M>）無法無損讀取現有檔（檔案版 <N>）。除執行紀錄外，未修改任何檔。請改指定能讀取檔案版 <N> 的版本：just vendor_kit upgrade --engine=<tag>,,除執行紀錄外，在任何寫入之前結束，不動 repo 檔與 VK 檔；<tag> 原樣印出，由使用者換成能讀取檔案版 <N> 的引擎版本 tag,10,
VK0008,active,fatal,需人處理,引擎讀到的 VK 檔，檔案版高於這個引擎支援的上限,無法讀取 <file>：檔案版 <N> 高於本引擎支援的 <M>；寫入者為 vendor_kit <written_by>。請升級引擎：just vendor_kit upgrade --engine,just vendor_kit upgrade --engine,除執行紀錄外，在任何寫入之前結束，不動 repo 檔與 VK 檔,10,
VK0009,active,fatal,需人處理,舊的薄殼遇上 X 較新的引擎，執行救援路徑以外的 recipe,薄殼介面版 <P_shell> 低於引擎 <vY> 的一般 recipe 需求。請先執行：just vendor_kit upgrade --engine,just vendor_kit upgrade --engine,除執行紀錄外，在任何寫入之前結束，不動 repo 檔與 VK 檔；救援路徑以外 recipe 的 -h／--help 在版本組合不合時怎麼反應，契約不定,10,
VK0010,active,error,失敗,建不出執行紀錄,無法寫入執行紀錄 <path>：<原因>。vendor_kit 不在沒有紀錄的情況下執行，未修改任何檔。請清出磁碟空間或修正權限後重試。,,在任何副作用之前結束，所有 VK recipe 都一樣,4,
VK0011,active,error,失敗,docker --version 的輸出含 podman,偵測到 podman (docker --version)。vendor_kit 只支援 docker，不支援 Podman。請改用 docker（rootful 或 rootless）後重試。,,是主機前置檢查，排在建執行紀錄之前；失敗時不建執行紀錄、不動任何 VK 檔，只在 stderr 印診斷,5,
VK0012,active,error,失敗,啟動器發現主機的 Docker 低於 19.03,需要 Docker ≥ 19.03，目前為 <version>。請升級 Docker 後重試。,,是主機前置檢查，排在建執行紀錄之前；失敗時不建執行紀錄、不動任何 VK 檔，只在 stderr 印診斷,5,
VK0013,active,error,失敗,metadata 缺失或損壞，無法可靠還原,無法處理 <file>：metadata 缺失或損壞，無法可靠還原。vendor_kit 不以推測代替紀錄，除執行紀錄外，未修改任何檔。請先保留 <file> 與執行紀錄 <path>；metadata 若曾 commit 進 git，從 git 還原後重試；無法還原時，到 https://github.com/ycpss91255-research/vendor_kit/issues 回報，附上這兩個檔。,,不猜測；除執行紀錄外，不寫 repo 檔與其他 VK 檔,1,
VK0014,active,warn,,本機執行 sync，發現基準版落後版本鎖定行,<repo> 的基準版落後版本鎖定行。請執行：just vendor_kit upgrade <repo> -y,just vendor_kit upgrade <repo> -y,,,
VK0015,active,warn,,sync 發現 cache/ 的逐檔指紋不符，已重新取件,<repo> 的 cache/ 逐檔指紋不符，已依版本鎖定行重新取件。,,,,
VK0016,active,warn,,收回 append 行時，在檔內找不到當初插入的原文,<file> 找不到要收回的原文；未刪除該行，請手動檢查。,,,,
VK0017,active,warn,,收回 append 行時，在檔內找到多處與當初插入的原文相同,<file> 找到 <count> 處要收回的原文，無法唯一歸因；未刪除該行，請手動檢查。,,,,
VK0018,active,warn,,add 遇到已存在、尚未納管的檔,<file> 已存在且未納管；未覆蓋，也未納管這個檔。,,,,
VK0019,active,warn,,檔案沒有納管，本次不處理,<file> 沒有納管；本次未處理這個檔。,,,,
VK0020,active,warn,,這個版本先前已由使用者拒絕,<repo> 的版本 <tag> 先前已被拒絕；本次不再詢問，也未套用。,,,,
VK0021,active,warn,,基準版合併留下合併衝突,<file> 留下合併衝突，請檢視後解決：git status,git status,,,
VK0022,active,warn,,update --exit-code 查到新版,<repo> 有新版：目前為 <current_tag>，新版為 <new_tag>。可執行：just vendor_kit upgrade <repo>,just vendor_kit upgrade <repo>,,,
VK0023,active,error,需人處理,upgrade --engine 換上新引擎後停下，要求重跑,已換上引擎 <vY>，請再執行一次：just vendor_kit upgrade --engine,just vendor_kit upgrade --engine,,,
VK0024,active,error,,用法錯誤：只打 just vendor_kit、未指定指令,未指定指令。,,輸出順序見 03_messages.md 的「輸出」節,,
VK0025,active,error,,用法錯誤：缺少必要參數,缺少必要參數：<參數>。,,,,
VK0026,active,error,,用法錯誤：不認得指令或選項,不認得的指令或選項：<值>。,,,,
VK0027,active,error,,用法錯誤：tag 格式不合,tag 格式不合：<tag>；只接受 vX.Y.Z，X、Y、Z 不收前導零。,,,,
VK0028,active,error,需人處理,在安裝目錄外執行 VK recipe,目前不在安裝目錄，請執行：cd <install_dir>,cd <install_dir>,,,
VK0029,active,error,失敗,install 時上層或下層已有安裝目錄,不能建立巢狀安裝目錄：<existing_install_dir> 已是安裝目錄。,,,,
VK0030,active,error,失敗,add 時 <ns> 撞名,無法加入 <repo>：命名空間 <ns> 已由 <owner> 使用。,,,,
VK0031,active,error,失敗,離線導入的 image 缺少必要的 digest 資訊,無法從 <image> 導入：缺少必要的 digest 資訊。,,,,
VK0032,active,error,需人處理,CI 模式發現本機覆寫,CI 模式不能使用 <target> 的本機覆寫，請在本機執行：<解除本機覆寫的指令>,<解除本機覆寫的指令>,<解除本機覆寫的指令> 依對象印成 just vendor_kit undev <repo> 或 just vendor_kit undev --engine,,
