code,status,level,exit_code,disposition,situation,message,description,next_step
VK0001,active,error,2,失敗,update、upgrade、add 列版本時沒有 registry 憑證；<command> 在 add 時印 add，update、upgrade 時印 upgrade，<tag> 原樣印出，由使用者換成要安裝的版本 tag,"Cannot list versions for <repo>: registry read access is required. Set VENDOR_KIT_REGISTRY_TOKEN (or VENDOR_KIT_REGISTRY_TOKEN_FILE), or specify a version directly: just vendor_kit <command> <repo>@<tag> (pulling uses the host's Docker credentials).",無法列舉 <repo> 的版本：需要 registry 讀取權限。可設定 VENDOR_KIT_REGISTRY_TOKEN（或 VENDOR_KIT_REGISTRY_TOKEN_FILE），或直接指定版本：just vendor_kit <command> <repo>@<tag>（拉取使用主機 docker 認證）,
VK0002,active,error,2,待處理,操作需要詢問，但沒帶 -y 又不能互動（沒有終端，或讀到輸入結束）；<command_with_y> 由這次執行的參數逐項重組、每項依 POSIX shell 的規則加引號，-y 插在單獨的 -- 之前，沒有 -- 時放在最後；bootstrap.sh 首次導入時，<command_with_y> 以這次呼叫的 sh 與腳本路徑 ($0) 開頭，後接這次的參數，依同一規則重組,"Confirmation is required, but no terminal is available for interaction. No files were modified except the run log. Run from a terminal, or rerun with -y: <command_with_y>",需要確認，但沒有終端可以互動。除執行紀錄外，未修改任何檔。請在終端執行，或加上 -y 重新執行：<command_with_y>,<command_with_y>
VK0003,retired,,,,基準版落後版本鎖定行,,,
VK0004,active,error,2,待處理,sync 發現某個工具未完成導入,Import of <repo> is incomplete. Run: just vendor_kit add <repo>,<repo> 未完成導入，請執行：just vendor_kit add <repo>,just vendor_kit add <repo>
VK0005,active,error,2,待處理,bootstrap.sh 首次導入時發現主機的 just 低於 1.33.0；<install_command> 不覆蓋主機既有的 just，也不要求主機另裝其他工具,"just 1.33.0 or later is required; the current version is <version>. Use the GitHub release.
Download: <download_url>
Install: <install_command>","需要 just ≥ 1.33.0，目前為 <version>。請使用 GitHub release 版。
下載：<download_url>
安裝：<install_command>",<install_command>
VK0006,active,error,2,失敗,薄殼的檔跟這一版引擎的模板比對不符（內容被修改過，或不是這一版引擎的模板）；bootstrap.sh 只檢查或 --repair 時，若進度檔記錄引擎升級未完成，改報 VK0023，不做薄殼比對；<files> 逐檔標出是哪一種，除執行紀錄外不動 repo 檔與其他 VK 檔,"Shell files do not match this engine version's templates: <files>. No shell files were regenerated. Review the following differences; download bootstrap.sh again from the Release, then run sh bootstrap.sh --repair in the install directory.",偵測到薄殼跟這一版引擎的模板不符：<files>。未重產任何薄殼。請先檢視下列差異；重新從 Release 下載 bootstrap.sh，在安裝目錄執行 sh bootstrap.sh --repair。,
VK0007,active,fatal,3,失敗,upgrade --engine=<tag> 降版，但目標引擎無法無損讀取現有的 VK 檔；本文的 <tag> 原樣印出，由使用者換成能讀取檔案版 <N> 的引擎版本 tag,"Target engine <vY> (interface version <P>, schema version <M>) cannot read the existing files (schema version <N>) without loss. No files were modified except the run log. Specify a version that can read schema version <N>: just vendor_kit upgrade --engine=<tag>",目標引擎 <vY>（介面版 <P>、檔案版 <M>）無法無損讀取現有檔（檔案版 <N>）。除執行紀錄外，未修改任何檔。請改指定能讀取檔案版 <N> 的版本：just vendor_kit upgrade --engine=<tag>,
VK0008,active,fatal,3,待處理,引擎讀到的 VK 檔，檔案版高於這個引擎支援的上限,Cannot read <file>: schema version <N> is newer than the maximum supported version <M>; written by vendor_kit <written_by>. Upgrade the engine: just vendor_kit upgrade --engine,無法讀取 <file>：檔案版 <N> 高於本引擎支援的 <M>；寫入者為 vendor_kit <written_by>。請升級引擎：just vendor_kit upgrade --engine,just vendor_kit upgrade --engine
VK0009,active,fatal,3,待處理,舊的薄殼遇上 X 較新的引擎，執行救援路徑以外的 recipe,Shell interface version <P_shell> is older than required for general recipes in engine <vY>. Run first: just vendor_kit upgrade --engine,薄殼介面版 <P_shell> 低於引擎 <vY> 的一般 recipe 需求。請先執行：just vendor_kit upgrade --engine,just vendor_kit upgrade --engine
VK0010,active,error,2,失敗,任何 VK recipe，或 bootstrap.sh 首次導入（含未完成的首次導入）、只檢查、--repair 時，建不出執行紀錄（在任何副作用之前結束，首次導入在呼叫 install 之前先建紀錄）,Cannot write run log <path>: <reason>. vendor_kit does not run without a log; no files were modified. Free disk space or fix the permissions and retry.,無法寫入執行紀錄 <path>：<reason>。vendor_kit 不在沒有紀錄的情況下執行，未修改任何檔。請清出磁碟空間或修正權限後重試。,
VK0011,active,error,2,失敗,docker --version 的輸出含 podman,Detected Podman (docker --version). vendor_kit supports only Docker. Switch to Docker (rootful or rootless) and retry.,偵測到 podman (docker --version)。vendor_kit 只支援 docker，不支援 Podman。請改用 docker（rootful 或 rootless）後重試。,
VK0012,active,error,2,失敗,啟動器發現主機的 Docker 低於 19.03,Docker 19.03 or later is required; the current version is <version>. Upgrade Docker and retry.,需要 Docker ≥ 19.03，目前為 <version>。請升級 Docker 後重試。,
VK0013,active,error,2,失敗,metadata 缺失或損壞，無法可靠還原,"Cannot process <file>: metadata is missing or corrupt and cannot be restored reliably. vendor_kit does not guess when records are unavailable; no files were modified except the run log. Preserve <file> and run log <path>. If the metadata was committed to Git, restore it from Git and retry. Otherwise, report the issue at https://github.com/ycpss91255-research/vendor_kit/issues and attach both files.",無法處理 <file>：metadata 缺失或損壞，無法可靠還原。vendor_kit 不以推測代替紀錄，除執行紀錄外，未修改任何檔。請先保留 <file> 與執行紀錄 <path>；metadata 若曾 commit 進 git，從 git 還原後重試；無法還原時，到 https://github.com/ycpss91255-research/vendor_kit/issues 回報，附上這兩個檔。,
VK0014,active,warn,1,,sync 或 test 發現基準版落後版本鎖定行,The baseline for <repo> is behind the lock version line. Run: just vendor_kit upgrade <repo> -y,<repo> 的基準版落後版本鎖定行。請執行：just vendor_kit upgrade <repo> -y,just vendor_kit upgrade <repo> -y
VK0015,active,warn,1,,sync 發現 cache/ 的逐檔指紋不符，已重新取件,Per-file digests in cache/ for <repo> did not match; refetched according to the lock version line.,<repo> 的 cache/ 逐檔指紋不符，已依版本鎖定行重新取件。,
VK0016,active,warn,1,,收回 append 行時，在檔內找不到當初插入的原文,Could not find the original text to remove from <file>; the line was not removed. Check it manually.,<file> 找不到要收回的原文；未刪除該行，請手動檢查。,
VK0017,active,warn,1,,收回 append 行時，在檔內找到多處與當初插入的原文相同,Found <count> occurrences of the original text to remove from <file> and could not attribute one uniquely; the line was not removed. Check it manually.,<file> 找到 <count> 處要收回的原文，無法唯一歸因；未刪除該行，請手動檢查。,
VK0018,active,warn,1,,add 遇到已存在、尚未納管的檔,<file> already exists and is unmanaged; it was neither overwritten nor brought under management.,<file> 已存在且未納管；未覆蓋，也未納管這個檔。,
VK0019,active,warn,1,,檔案沒有納管，本次不處理,<file> is unmanaged and was not processed.,<file> 沒有納管；本次未處理這個檔。,
VK0020,active,warn,1,,這個版本先前已由使用者拒絕,Version <tag> of <repo> was previously rejected; it was not prompted again or applied.,<repo> 的版本 <tag> 先前已被拒絕；本次不再詢問，也未套用。,
VK0021,active,warn,1,,基準版合併留下合併衝突,<file> contains merge conflicts. Review and resolve them: git status,<file> 留下合併衝突，請檢視後解決：git status,git status
VK0022,active,warn,1,,update --exit-code 查到新版,A newer version of <repo> is available: current <current_tag>; new <new_tag>. Run: just vendor_kit upgrade <repo>,<repo> 有新版：目前為 <current_tag>，新版為 <new_tag>。可執行：just vendor_kit upgrade <repo>,just vendor_kit upgrade <repo>
VK0023,active,error,2,待處理,upgrade --engine 換上新引擎後原指令尚未做完；bootstrap.sh 只檢查或 --repair 時讀到記錄引擎升級未完成的進度檔，也報此碼，不比對或重產薄殼；<original_command> 由 VK 依進度檔填成原本的完整 upgrade 指令，保留原 tag 與 -y，不需使用者代換,Engine <vY> is now installed. Run again: <original_command>,已換上引擎 <vY>，請再執行一次原指令：<original_command>,<original_command>
VK0024,active,error,2,,用法錯誤：只打 just vendor_kit、未指定指令,No command was specified.,未指定指令。,
VK0025,active,error,2,,用法錯誤：VK recipe 或 bootstrap.sh 缺少必要參數（含 bootstrap.sh 的 -i／--image 沒帶 image）,Required argument is missing: <argument>.,缺少必要參數：<argument>。,
VK0026,active,error,2,,用法錯誤：VK recipe 或 bootstrap.sh 帶了不認得的選項或多出的參數；bootstrap.sh 帶 --repair -y，或在既有安裝目錄帶 -y／--yes（排除 VK0037 所述、依執行紀錄判定的未完成首次導入），或 -h／--help 與其他參數並用；<value> 印第一個不認得或不允許的參數；-h／--help 與其他參數並用時，印第一個不是 -h／--help 的參數，若全部都是 -h／--help，則印第二個參數,"Unknown, extra, or disallowed argument: <value>.",不認得、多出或此處不允許的參數：<value>。,
VK0027,active,error,2,,用法錯誤：tag 格式不合,"Invalid tag format: <tag>. Use vX.Y.Z with no leading zeros in X, Y, or Z.",tag 格式不合：<tag>；只接受 vX.Y.Z，X、Y、Z 不收前導零。,
VK0028,active,error,2,待處理,在安裝目錄外執行 VK recipe,The current directory is not an install directory. Run: cd <install_dir>,目前不在安裝目錄，請執行：cd <install_dir>,cd <install_dir>
VK0029,active,error,2,失敗,install 時上層或下層已有安裝目錄,Cannot create a nested install directory: <existing_install_dir> is already an install directory.,不能建立巢狀安裝目錄：<existing_install_dir> 已是安裝目錄。,
VK0030,active,error,2,失敗,add 時 <ns> 撞名,Cannot add <repo>: namespace <ns> is already used by <owner>.,無法加入 <repo>：命名空間 <ns> 已由 <owner> 使用。,
VK0031,active,error,2,失敗,離線導入的本機 image 或 image tar 缺少必要的 digest 資訊；或 bootstrap.sh 在既有安裝目錄帶 -i／--image，所提供的本機 image 或 image tar 缺少必要的 digest 資訊，或 digest 與引擎版本鎖定行不符；只檢查與 --repair 都適用；<reason> 依情況填為 required digest information is missing 或 the digest does not match the engine lock version line,Cannot use image <image>: <reason>. The supplied image was not used.,無法使用 image <image>：<reason>（缺少必要的 digest 資訊，或 digest 與引擎版本鎖定行不符）。未使用指定的 image。,
VK0032,active,error,2,待處理,test 發現本機覆寫；<undev_command> 依對象印成 just vendor_kit undev <repo> 或 just vendor_kit undev --engine,Test cannot run while a local override of <target> is active. Run: <undev_command>,test 發現 <target> 的本機覆寫，請先執行：<undev_command>,<undev_command>
VK0033,active,error,2,失敗,啟動器找不到主機的 docker（bootstrap.sh 的首次導入、只檢查、--repair，以及薄殼的啟動器都檢查）,Docker was not found on the host. Install Docker and retry.,找不到主機的 docker。請安裝 Docker 後重試。,
VK0034,active,error,2,待處理,bootstrap.sh 首次導入時找不到主機的 just；<install_command> 由 VK 填好，可直接執行、不需使用者代換，不要求主機另裝其他工具,"just was not found on the host. Use the GitHub release.
Download: <download_url>
Install: <install_command>","找不到主機的 just。請使用 GitHub release 版。
下載：<download_url>
安裝：<install_command>",<install_command>
VK0035,active,error,2,失敗,bootstrap.sh 從目前目錄往上找不到 .git；不在主機呼叫 git，也不替使用者建立 repo,Cannot find .git in the current directory or any parent directory. Run bootstrap.sh from within a Git repository.,目前目錄與所有上層目錄都找不到 .git。請在 git repo 內執行 bootstrap.sh。,
VK0036,active,error,2,失敗,啟動器取不到要用的引擎 image（首次導入含未完成的首次導入時用內嵌版本；已有版本鎖定行時用它指定的版本）；不改用其他版本,Cannot obtain engine image <image>: <reason>. No alternative engine version was used.,無法取得引擎 image <image>：<reason>。未改用其他引擎版本。,
VK0037,active,error,2,失敗,bootstrap.sh 發現目前目錄有 .vendor_kit/，但讀不到恰好一行有效的引擎版本鎖定行；停下，不改走首次導入；僅首次導入的呼叫（不帶參數、-y、-i，含對應長選項及其合法組合）排除可依執行紀錄唯一判定的未完成首次導入：最近一筆執行紀錄是首次導入，且 (a) 停在 VK0002、除執行紀錄外未修改任何檔，或 (b) 在建執行紀錄之後、寫入引擎版本鎖定行之前結束（不論是否已寫入其他檔）；這些狀態允許帶 -y 重跑首次導入，判定不靠檔案在不在，無法唯一判定時仍停下；--repair 在這些狀態下仍報 VK0037,Cannot read exactly one valid engine lock version line from .vendor_kit/version.toml. Initial import was not attempted.,無法從 .vendor_kit/version.toml 讀取恰好一行有效的引擎版本鎖定行。未改走首次導入。,
VK0038,active,error,2,失敗,bootstrap.sh 在既有安裝目錄以 image 引用帶 -i／--image，digest 與引擎版本鎖定行相符，但完整 image 引用不符；缺少 digest 或 digest 不符改報 VK0031；只檢查與 --repair 都適用,Image <image> does not exactly match the engine lock version line <locked_image>. The supplied image was not used.,image <image> 與引擎版本鎖定行 <locked_image> 不完全相同。未使用指定的 image。,
VK0039,active,error,2,失敗,bootstrap.sh 在非安裝目錄帶 --repair（目前目錄沒有 .vendor_kit/）；不改走首次導入,Cannot repair shell files outside an install directory. Initial import was not attempted.,無法在安裝目錄外修復薄殼。未改走首次導入。,
VK0040,retired,,,,引擎升級未完成（由 VK0023 涵蓋）,,,
VK0041,active,fatal,3,失敗,bootstrap.sh 只檢查或 --repair 時，腳本內嵌引擎版本的 X 與引擎版本鎖定行指定版本的 X 不同；在任何寫入、拉 image 或起引擎之前停下；<bootstrap_X> 與 <engine_X> 分別由腳本內嵌版本及引擎版本鎖定行填入,"This bootstrap.sh is for major version <bootstrap_X>, but the locked engine requires major version <engine_X>. No files were modified. Download bootstrap.sh for major version <engine_X> from the Release and retry.",這份 bootstrap.sh 適用於 X 為 <bootstrap_X> 的版本，但鎖定引擎的 X 為 <engine_X>。未修改任何檔。請從 Release 下載 X 為 <engine_X> 的 bootstrap.sh 後重試。,
