code,status,level,exit_code,disposition,source,situation.en,message.en,situation.zh-TW,message.zh-TW
VK0001,active,error,2,failed,engine,"update, upgrade, or add needs to list versions, the registry requires read access, and this invocation did not supply --registry-token-file; <cmd> prints add for add and upgrade for update or upgrade; <path> and <tag> are printed literally for the user to replace with the token file path and the version tag to install","Cannot list versions for <repo>: registry read access is required; pulling still uses the host's Docker credentials. Add --registry-token-file <path> and rerun, or specify a version directly: just vendor_kit <cmd> <repo>@<tag>",update、upgrade、add 需要列版本，registry 要求讀取權限，而這次沒有帶 --registry-token-file；<cmd> 在 add 時印 add，update、upgrade 時印 upgrade；<path> 與 <tag> 原樣印出，由使用者換成 token 檔路徑與要安裝的版本 tag,無法列出 <repo> 的版本：需要 registry 讀取權限；拉取時仍使用主機的 Docker 認證。請加上 --registry-token-file <path> 重新執行，或直接指定版本：just vendor_kit <cmd> <repo>@<tag>
VK0002,active,error,2,pending,bootstrap engine,"An operation requires a prompt, but -y was not given and interaction is impossible (stdin or stderr is not a terminal, or end of input was read); <command_with_y> is rebuilt from this run's arguments one by one, each quoted by POSIX shell rules, with -y inserted before a standalone --, or appended at the end if there is no --; during initial import by bootstrap.sh, <command_with_y> starts with the script path ($0) of this invocation, followed by this run's arguments, rebuilt by the same rules","Confirmation is required, but no terminal is available for interaction. No files were modified except the run log. Run from a terminal, or rerun with -y: <command_with_y>",操作需要詢問，但沒帶 -y 又不能互動（stdin 或 stderr 不是終端，或讀到輸入結束）；<command_with_y> 由這次執行的參數逐項重組、每項依 POSIX shell 的規則加引號，-y 插在單獨的 -- 之前，沒有 -- 時放在最後；bootstrap.sh 首次導入時，<command_with_y> 以這次呼叫的腳本路徑 ($0) 開頭，後接這次的參數，依同一規則重組,需要確認，但沒有終端可以互動。除執行紀錄外，未修改任何檔。請在終端執行，或加上 -y 重新執行：<command_with_y>
VK0003,retired,,,,,The baseline is behind the lock version line,,基準版落後版本鎖定行,
VK0004,active,error,2,pending,engine,"sync finds a tool whose import is incomplete, or a read-only recipe reads a progress file for that tool's incomplete import",Import of <repo> is incomplete. Run: just vendor_kit add <repo>,sync 發現某個工具未完成導入，或唯讀 recipe 讀到該工具導入未完成的進度檔,<repo> 的導入未完成。請執行：just vendor_kit add <repo>
VK0005,active,error,2,pending,bootstrap,"During initial import, bootstrap.sh finds the host's just is older than 1.33.0; <install_command> does not overwrite the host's existing just and does not require the host to install any other tool","just 1.33.0 or later is required; the current version is <version>. Use the GitHub release.
Download: <download_url>
Install: <install_command>",bootstrap.sh 首次導入時發現主機的 just 低於 1.33.0；<install_command> 不覆蓋主機既有的 just，也不要求主機另裝其他工具,"需要 just 1.33.0 或更新版本；目前版本為 <version>。請使用 GitHub release 版。
下載：<download_url>
安裝：<install_command>"
VK0006,active,error,2,failed,bootstrap engine,"During the engine's startup check or a bootstrap.sh check-only run, shell files do not match this engine version's templates (their content was modified, or they are not this engine version's templates); when --repair finds a mismatch, it regenerates the shell files and reports the result instead of this diagnostic; during a bootstrap.sh check-only run or --repair, if the progress file records an incomplete engine upgrade, VK0023 is reported instead and no shell comparison is made; <files> marks which case applies to each file; no repo files or other VK files are touched except the run log","Shell files do not match this engine version's templates: <files>. No shell files were regenerated. Review the following differences; download bootstrap.sh again from the Release, run chmod +x bootstrap.sh, then run ./bootstrap.sh --repair in the install directory.",引擎啟動檢查或 bootstrap.sh 只檢查時，薄殼的檔跟這一版引擎的模板比對不符（內容被修改過，或不是這一版引擎的模板）；--repair 發現不符時改為重產薄殼並報告結果，不報這個診斷；bootstrap.sh 只檢查或 --repair 時，若進度檔記錄引擎升級未完成，改報 VK0023，不做薄殼比對；<files> 逐檔標出是哪一種，除執行紀錄外不動 repo 檔與其他 VK 檔,薄殼與這一版引擎的模板不符：<files>。未重產任何薄殼。請檢視下列差異；從 Release 重新下載 bootstrap.sh，執行 chmod +x bootstrap.sh，再到安裝目錄執行 ./bootstrap.sh --repair。
VK0007,active,fatal,3,failed,engine,"upgrade --engine=<tag> downgrades, but the target engine cannot read the existing VK files without loss; the <tag> in the message is printed literally for the user to replace with an engine version tag that can read schema version <N>","Target engine <vY> (interface version <P>, schema version <M>) cannot read the existing files (schema version <N>) without loss. No files were modified except the run log. Specify a version that can read schema version <N>: just vendor_kit upgrade --engine=<tag>",upgrade --engine=<tag> 降版，但目標引擎無法無損讀取現有的 VK 檔；本文的 <tag> 原樣印出，由使用者換成能讀取檔案版 <N> 的引擎版本 tag,目標引擎 <vY>（介面版 <P>、檔案版 <M>）無法無損讀取現有的檔（檔案版 <N>）。除執行紀錄外，未修改任何檔。請改指定能讀取檔案版 <N> 的版本：just vendor_kit upgrade --engine=<tag>
VK0008,active,fatal,3,pending,engine,The engine reads a VK file whose schema version is higher than the maximum this engine supports,Cannot read <file>: schema version <N> is newer than the maximum supported version <M>; written by vendor_kit <written_by>. Upgrade the engine: just vendor_kit upgrade --engine,引擎讀到的 VK 檔，檔案版高於這個引擎支援的上限,無法讀取 <file>：檔案版 <N> 高於本引擎支援的最高版本 <M>；寫入者為 vendor_kit <written_by>。請升級引擎：just vendor_kit upgrade --engine
VK0009,active,fatal,3,pending,launcher,An old shell meets an engine with a newer major version X and runs a recipe outside the rescue path,Shell interface version <P_shell> is older than required for general recipes in engine <vY>. Run first: just vendor_kit upgrade --engine,舊的薄殼遇上 X 較新的引擎，執行救援路徑以外的 recipe,薄殼介面版 <P_shell> 低於引擎 <vY> 一般 recipe 所需的版本。請先執行：just vendor_kit upgrade --engine
VK0010,active,error,2,failed,bootstrap engine launcher,"Any VK recipe, or bootstrap.sh initial import (including an incomplete initial import), check-only run, or --repair, cannot create the run log (it exits before any side effect; initial import creates the log before calling install)",Cannot write run log <path>: <reason>. vendor_kit does not run without a log; no files were modified. Free disk space or fix the permissions and retry.,任何 VK recipe，或 bootstrap.sh 首次導入（含未完成的首次導入）、只檢查、--repair 時，建不出執行紀錄（在任何副作用之前結束，首次導入在呼叫 install 之前先建紀錄）,無法寫入執行紀錄 <path>：<reason>。vendor_kit 不在沒有紀錄的情況下執行；未修改任何檔。請清出磁碟空間或修正權限後重試。
VK0011,active,error,2,failed,bootstrap launcher,The output of docker --version contains podman,Detected Podman (docker --version). vendor_kit supports only Docker. Switch to Docker (rootful or rootless) and retry.,docker --version 的輸出含 podman,偵測到 Podman (docker --version)。vendor_kit 只支援 Docker。請改用 Docker（rootful 或 rootless）後重試。
VK0012,active,error,2,failed,bootstrap launcher,The launcher finds the host's Docker is older than 19.03,Docker 19.03 or later is required; the current version is <version>. Upgrade Docker and retry.,啟動器發現主機的 Docker 低於 19.03,需要 Docker 19.03 或更新版本；目前版本為 <version>。請升級 Docker 後重試。
VK0013,active,error,2,failed,engine,metadata is missing or corrupt and cannot be restored reliably,"Cannot process <file>: metadata is missing or corrupt and cannot be restored reliably. vendor_kit does not guess when records are unavailable; no files of the tool that <file> belongs to were modified. Preserve <file> and run log <path>. If the metadata was committed to Git, restore it from Git and retry. Otherwise, report the issue at https://github.com/ycpss91255-research/vendor_kit/issues and attach both files.",metadata 缺失或損壞，無法可靠還原,無法處理 <file>：metadata 缺失或損壞，無法可靠還原。紀錄不可用時，vendor_kit 不做推測；<file> 所屬工具的檔都未修改。請保留 <file> 與執行紀錄 <path>。metadata 若曾 commit 進 Git，從 Git 還原後重試；否則到 https://github.com/ycpss91255-research/vendor_kit/issues 回報，並附上這兩個檔。
VK0014,active,warn,1,,engine test,sync or test finds the baseline is behind the lock version line,The baseline for <repo> is behind the lock version line. Run: just vendor_kit upgrade <repo> -y,sync 或 test 發現基準版落後版本鎖定行,<repo> 的基準版落後版本鎖定行。請執行：just vendor_kit upgrade <repo> -y
VK0015,active,warn,1,,engine,"sync finds the file set or per-file digests in cache/ for a locked tool do not match, and has refetched according to the lock version line; tool directories not in the lock version lines are not covered by this case",The file set or per-file digests in cache/ for <repo> did not match; refetched according to the lock version line.,sync 發現已鎖定工具的 cache/ 檔案集合或逐檔指紋不符，已依版本鎖定行重新取件；不在版本鎖定行的工具目錄不屬於這個情況,<repo> 在 cache/ 的檔案集合或逐檔指紋不符；已依版本鎖定行重新取件。
VK0016,active,warn,1,,engine,"When removing an appended line, the originally inserted text cannot be found in the file",Could not find the original text to remove from <file>; the line was not removed. Check it manually.,收回 append 行時，在檔內找不到當初插入的原文,在 <file> 中找不到要移除的原文；未移除該行。請手動檢查。
VK0017,active,warn,1,,engine,"When removing an appended line, multiple occurrences identical to the originally inserted text are found in the file",Found <count> occurrences of the original text to remove from <file> and could not attribute one uniquely; the line was not removed. Check it manually.,收回 append 行時，在檔內找到多處與當初插入的原文相同,在 <file> 中找到 <count> 處要移除的原文，無法唯一歸屬其中一處；未移除該行。請手動檢查。
VK0018,active,warn,1,,engine,add encounters a file that already exists and is not yet managed,<file> already exists and is unmanaged; it was neither overwritten nor brought under management.,add 遇到已存在、尚未納管的檔,<file> 已存在且未納管；既未覆蓋，也未納入管理。
VK0019,active,warn,1,,engine,A file is unmanaged and is not processed in this run,<file> is unmanaged and was not processed.,檔案沒有納管，本次不處理,<file> 未納管，未處理。
VK0020,active,warn,1,,engine,This version was previously rejected by the user,Version <tag> of <repo> was previously rejected; it was not prompted again or applied.,這個版本先前已由使用者拒絕,<repo> 的版本 <tag> 先前已被拒絕；未再次詢問，也未套用。
VK0021,active,warn,1,,engine,A baseline merge leaves merge conflicts,<file> contains merge conflicts. Review and resolve them: git status,基準版合併留下合併衝突,<file> 含有合併衝突。請檢視並解決：git status
VK0022,retired,,,,,update found a newer version and was asked to report it as a warning; that option has been removed,,update 查到新版，並被要求以警告回報；該選項已移除,
VK0023,active,error,2,pending,bootstrap engine,"After upgrade --engine installs the new engine, the original command has not yet completed, or a read-only recipe reads a progress file for an incomplete engine upgrade; during a bootstrap.sh check-only run or --repair, reading a progress file that records an incomplete engine upgrade also reports this code, with no shell comparison or regeneration; <original_command> is filled in by VK from the progress file as the original full upgrade command, keeping the original tag and -y, with no substitution needed by the user",Engine <vY> is now installed. Run again: <original_command>,upgrade --engine 換上新引擎後原指令尚未做完，或唯讀 recipe 讀到引擎升級未完成的進度檔；bootstrap.sh 只檢查或 --repair 時讀到記錄引擎升級未完成的進度檔，也報此碼，不比對或重產薄殼；<original_command> 由 VK 依進度檔填成原本的完整 upgrade 指令，保留原 tag 與 -y，不需使用者代換,已安裝引擎 <vY>。請再執行一次：<original_command>
VK0024,active,error,2,,engine,"Usage error: only just vendor_kit was entered, with no command specified",No command was specified.,用法錯誤：只打 just vendor_kit、未指定指令,未指定指令。
VK0025,active,error,2,,bootstrap engine,Usage error: a VK recipe or bootstrap.sh is missing a required argument (including bootstrap.sh -i/--image given without an image),Required argument is missing: <argument>.,用法錯誤：VK recipe 或 bootstrap.sh 缺少必要參數（含 bootstrap.sh 的 -i／--image 沒帶 image）,缺少必要參數：<argument>。
VK0026,active,error,2,,bootstrap engine,"Usage error: a VK recipe or bootstrap.sh received an unknown option or an extra argument; bootstrap.sh given --repair -y, or -y/--yes in an existing install directory (excluding the incomplete initial import determined from the run log as described in VK0037), or -h/--help combined with other arguments; <value> prints the first unknown or disallowed argument; when -h/--help is combined with other arguments, it prints the first argument that is not -h/--help, or the second argument if all are -h/--help; when a VK recipe's -h/--help is combined with arguments other than --engine, <value> prints the first argument that is neither -h/--help nor --engine","Unknown, extra, or disallowed argument: <value>.",用法錯誤：VK recipe 或 bootstrap.sh 帶了不認得的選項或多出的參數；bootstrap.sh 帶 --repair -y，或在既有安裝目錄帶 -y／--yes（排除 VK0037 所述、依執行紀錄判定的未完成首次導入），或 -h／--help 與其他參數並用；<value> 印第一個不認得或不允許的參數；-h／--help 與其他參數並用時，印第一個不是 -h／--help 的參數，若全部都是 -h／--help，則印第二個參數；VK recipe 的 -h／--help 與 --engine 以外的參數並用時，<value> 印第一個不是 -h／--help 或 --engine 的參數,不認得、多出或此處不允許的參數：<value>。
VK0027,active,error,2,,engine,Usage error: the tag format is invalid,"Invalid tag format: <tag>. Use vX.Y.Z with no leading zeros in X, Y, or Z.",用法錯誤：tag 格式不合,tag 格式不正確：<tag>。請使用 vX.Y.Z，X、Y、Z 都不可有前導零。
VK0028,active,error,2,pending,engine,A VK recipe is run outside an install directory,The current directory is not an install directory. Run: cd <install_dir>,在安裝目錄外執行 VK recipe,目前目錄不是安裝目錄。請執行：cd <install_dir>
VK0029,active,error,2,failed,bootstrap engine,install finds an existing install directory above or below,Cannot create a nested install directory: <existing_install_dir> is already an install directory.,install 時上層或下層已有安裝目錄,無法建立巢狀安裝目錄：<existing_install_dir> 已是安裝目錄。
VK0030,active,error,2,failed,engine,add finds a name collision on <ns>,Cannot add <repo>: namespace <ns> is already used by <owner>.,add 時 <ns> 撞名,無法加入 <repo>：命名空間 <ns> 已由 <owner> 使用。
VK0031,active,error,2,failed,bootstrap engine,"The local image or image tar for offline import lacks required digest information; or bootstrap.sh is given -i/--image in an existing install directory and the supplied local image or image tar lacks required digest information, or its digest does not match the engine lock version line; applies to both check-only runs and --repair; <reason> is filled as required digest information is missing or the digest does not match the engine lock version line, as applicable",Cannot use image <image>: <reason>. The supplied image was not used.,離線導入的本機 image 或 image tar 缺少必要的 digest 資訊；或 bootstrap.sh 在既有安裝目錄帶 -i／--image，所提供的本機 image 或 image tar 缺少必要的 digest 資訊，或 digest 與引擎版本鎖定行不符；只檢查與 --repair 都適用；<reason> 依情況填為 required digest information is missing 或 the digest does not match the engine lock version line,無法使用 image <image>：<reason>。未使用所提供的 image。
VK0032,active,error,2,pending,test,"test finds a local override; <undev_command> prints as just vendor_kit undev <repo> or just vendor_kit undev --engine, depending on the target",Test cannot run while a local override of <target> is active. Run: <undev_command>,test 發現本機覆寫；<undev_command> 依對象印成 just vendor_kit undev <repo> 或 just vendor_kit undev --engine,<target> 的本機覆寫仍在作用中，無法執行 test。請執行：<undev_command>
VK0033,active,error,2,failed,bootstrap launcher,"The launcher cannot find docker on the host (checked by bootstrap.sh initial import, check-only runs, and --repair, and by the shell's launcher)",Docker was not found on the host. Install Docker and retry.,啟動器找不到主機的 docker（bootstrap.sh 的首次導入、只檢查、--repair，以及薄殼的啟動器都檢查）,主機上找不到 Docker。請安裝 Docker 後重試。
VK0034,active,error,2,pending,bootstrap,"During initial import, bootstrap.sh cannot find just on the host; <install_command> is filled in by VK, runs directly with no substitution needed by the user, and does not require the host to install any other tool","just was not found on the host. Use the GitHub release.
Download: <download_url>
Install: <install_command>",bootstrap.sh 首次導入時找不到主機的 just；<install_command> 由 VK 填好，可直接執行、不需使用者代換，不要求主機另裝其他工具,"主機上找不到 just。請使用 GitHub release 版。
下載：<download_url>
安裝：<install_command>"
VK0035,active,error,2,failed,bootstrap,bootstrap.sh cannot find .git in the current directory or any parent; it does not call git on the host and does not create a repo for the user,Cannot find .git in the current directory or any parent directory. Run bootstrap.sh from within a Git repository.,bootstrap.sh 從目前目錄往上找不到 .git；不在主機呼叫 git，也不替使用者建立 repo,在目前目錄與所有上層目錄都找不到 .git。請在 Git repo 內執行 bootstrap.sh。
VK0036,active,error,2,failed,bootstrap launcher,"The launcher cannot obtain the engine image it needs (the embedded version for initial import, including an incomplete initial import; the version specified by the lock version line when one exists); no other version is used instead",Cannot obtain engine image <image>: <reason>. No alternative engine version was used.,啟動器取不到要用的引擎 image（首次導入含未完成的首次導入時用內嵌版本；已有版本鎖定行時用它指定的版本）；不改用其他版本,無法取得引擎 image <image>：<reason>。未改用其他引擎版本。
VK0037,active,error,2,failed,bootstrap,"bootstrap.sh finds .vendor_kit/ in the current directory but cannot read exactly one valid engine lock version line; it stops and does not fall back to initial import; only for initial-import invocations (no arguments, -y, -i, including the corresponding long options and their valid combinations), an incomplete initial import that can be uniquely determined from the run log is excluded: the most recent run log is an initial import, and either (a) it stopped at VK0002 with no files modified except the run log, or (b) it ended after the run log was created and before the engine lock version line was written (whether or not other files were written); these states allow rerunning initial import with -y, the determination does not rely on whether files exist, and it still stops when the state cannot be uniquely determined; --repair still reports VK0037 in these states",Cannot read exactly one valid engine lock version line from .vendor_kit/version.toml. Initial import was not attempted.,bootstrap.sh 發現目前目錄有 .vendor_kit/，但讀不到恰好一行有效的引擎版本鎖定行；停下，不改走首次導入；僅首次導入的呼叫（不帶參數、-y、-i，含對應長選項及其合法組合）排除可依執行紀錄唯一判定的未完成首次導入：最近一筆執行紀錄是首次導入，且 (a) 停在 VK0002、除執行紀錄外未修改任何檔，或 (b) 在建執行紀錄之後、寫入引擎版本鎖定行之前結束（不論是否已寫入其他檔）；這些狀態允許帶 -y 重跑首次導入，判定不靠檔案在不在，無法唯一判定時仍停下；--repair 在這些狀態下仍報 VK0037,無法從 .vendor_kit/version.toml 讀取恰好一行有效的引擎版本鎖定行。未嘗試首次導入。
VK0038,active,error,2,failed,bootstrap,"bootstrap.sh is given -i/--image with an image reference in an existing install directory, and the digest matches the engine lock version line but the full image reference does not; a missing or mismatched digest reports VK0031 instead; applies to both check-only runs and --repair",Image <image> does not exactly match the engine lock version line <locked_image>. The supplied image was not used.,bootstrap.sh 在既有安裝目錄以 image 引用帶 -i／--image，digest 與引擎版本鎖定行相符，但完整 image 引用不符；缺少 digest 或 digest 不符改報 VK0031；只檢查與 --repair 都適用,image <image> 與引擎版本鎖定行 <locked_image> 不完全相同。未使用所提供的 image。
VK0039,active,error,2,failed,bootstrap,bootstrap.sh is given --repair outside an install directory (the current directory has no .vendor_kit/); it does not fall back to initial import,Cannot repair shell files outside an install directory. Initial import was not attempted.,bootstrap.sh 在非安裝目錄帶 --repair（目前目錄沒有 .vendor_kit/）；不改走首次導入,無法在安裝目錄外修復薄殼。未嘗試首次導入。
VK0040,active,fatal,3,failed,bootstrap,"During a bootstrap.sh check-only run or --repair, the major version X of the script's embedded engine version differs from the X of the version specified by the engine lock version line; it stops before any write, image pull, or engine start; <bootstrap_X> and <engine_X> are filled from the script's embedded version and the engine lock version line, respectively","This bootstrap.sh is for major version <bootstrap_X>, but the locked engine requires major version <engine_X>. No files were modified. Download bootstrap.sh for major version <engine_X> from the Release and retry.",bootstrap.sh 只檢查或 --repair 時，腳本內嵌引擎版本的 X 與引擎版本鎖定行指定版本的 X 不同；在任何寫入、拉 image 或起引擎之前停下；<bootstrap_X> 與 <engine_X> 分別由腳本內嵌版本及引擎版本鎖定行填入,這份 bootstrap.sh 適用於主版本 <bootstrap_X>，但鎖定的引擎需要主版本 <engine_X>。未修改任何檔。請從 Release 下載主版本 <engine_X> 的 bootstrap.sh 後重試。
VK0041,active,error,2,pending,engine,"A read-only recipe reads a progress file for an incomplete tool upgrade; it does not resume or delete the progress file; <original_command> is rebuilt by VK from the progress file as the full tool upgrade command, keeping the specified tag and -y, each argument quoted by POSIX shell rules, with no substitution needed by the user",Upgrade of <repo> is incomplete. Run again: <original_command>,唯讀 recipe 讀到工具 upgrade 未完成的進度檔；不恢復、不刪進度檔；<original_command> 由 VK 依進度檔重組完整的工具 upgrade 指令，保留指定 tag 與 -y，各參數依 POSIX shell 規則加引號，不需使用者代換,<repo> 的 upgrade 未完成。請再執行一次：<original_command>
VK0042,active,error,2,failed,engine,The shared or exclusive lock could not be acquired within this execution's lock wait deadline; nothing is written except the run log,Timed out waiting for the lock in <install_dir>. No files were modified except the run log. Wait for the other execution to finish and retry.,未能在這次執行的等鎖期限內取得共享鎖或排他鎖；除執行紀錄外不寫入,等待 <install_dir> 的鎖逾時。除執行紀錄外，未修改任何檔。請等另一個執行結束後重試。
VK0043,active,error,2,failed,engine,"The tool image content downloaded by sync does not match the digest in the lock version line; this content is not treated as verified tool content, and VK0015 is not reported",Downloaded image <image> for <repo> does not match locked digest <digest>. Synchronization did not complete.,sync 下載的工具 image 內容不符版本鎖定行的 digest；不把這份內容當成已驗證的工具內容，不報 VK0015,<repo> 下載的 image <image> 與鎖定的 digest <digest> 不符。同步未完成。
VK0044,active,warn,1,,engine,"sync finds the existing stamp for <repo> corrupt, and has refetched according to the lock version line and rebuilt the stamp; a first fetch with no stamp yet is not covered by this case",The existing stamp for <repo> was corrupt; refetched according to the lock version line and rebuilt the stamp.,sync 發現 <repo> 的既有印記損壞，已依版本鎖定行重新取件並重建印記；首次取件尚無印記不屬於此情況,<repo> 的既有印記損壞；已依版本鎖定行重新取件並重建印記。
VK0045,active,error,2,pending,engine,"After confirming the tool is fully imported, add receives a tag different from the current locked version; <upgrade_command> is filled in by VK as just vendor_kit upgrade <repo>@<tag>, using the tag specified this time, with arguments quoted by POSIX shell rules",Cannot add <repo> at <tag>: it is already imported at <current_tag>. Run: <upgrade_command>,add 在確認工具已完整導入後，收到不同於目前鎖定版本的 tag；<upgrade_command> 由 VK 填成 just vendor_kit upgrade <repo>@<tag>，使用這次指定的 tag，參數依 POSIX shell 規則加引號,無法以 <tag> 加入 <repo>：它已以 <current_tag> 導入。請執行：<upgrade_command>
VK0046,active,error,2,failed,engine,"The tool specified to remove, undev, or update <repo> is not in the lock version lines; incomplete progress is identified first, before determining that the target does not exist",Tool <repo> is not in the lock version lines. The requested operation did not complete.,remove、undev 或 update <repo> 指定的工具不在版本鎖定行；先辨識未完成進度，再判斷對象不存在,版本鎖定行中沒有工具 <repo>。要求的操作未完成。
VK0047,active,error,2,pending,test,"test cannot complete its checks because files in cache/ or gen/ are missing; it does not fetch, and does not prepare or repair cache/, gen/, or progress files; the run log is still written; whether a fresh CI checkout that has not yet fetched counts as missing files is pending confirmation (see #47, #124)",Cannot complete checks for <target>: required local files are missing: <files>. Run: just vendor_kit sync,test 因 cache/ 或 gen/ 缺件而無法完成檢查；不取件、不準備或修復 cache/、gen/、進度檔，執行紀錄照寫；CI 全新 checkout 尚未取件時是否算缺件，待確認（見 #47、#124）,無法完成 <target> 的檢查：缺少必要的本機檔：<files>。請執行：just vendor_kit sync
VK0048,active,error,2,failed,test,test dist runs in a repo with no tool delivery content,Cannot check tool delivery content: <path> contains no delivery content.,test dist 在沒有工具交付內容的 repo 執行,無法檢查工具交付內容：<path> 沒有交付內容。
VK0049,active,error,2,failed,test,test or test dist did not complete its checks because the environment is insufficient; <reason> names the missing environment condition,Cannot complete checks for <target>: <reason>.,test 或 test dist 因環境不足而未完成檢查；<reason> 指明缺少的環境條件,無法完成 <target> 的檢查：<reason>。
VK0050,active,error,2,pending,engine,"dev specifies a source different from the existing local override; the existing override is not replaced; <undev_command> is filled as just vendor_kit undev <repo> or just vendor_kit undev --engine, depending on the target",A different local override is already active for <target>. Run first: <undev_command>,dev 指定不同於現有本機覆寫的來源；不取代現有覆寫；<undev_command> 依對象填成 just vendor_kit undev <repo> 或 just vendor_kit undev --engine,<target> 已有另一個本機覆寫在作用中。請先執行：<undev_command>
VK0051,active,error,2,failed,engine,"The local directory specified to dev does not exist, or its content does not match the tool's delivery format; relative paths are resolved against the install directory",Cannot use local source <path> for <repo>: <reason>. The local override was not enabled.,dev 指定的本機目錄不存在，或內容不符合該工具的交付格式；相對路徑以安裝目錄為準,無法以本機來源 <path> 作為 <repo> 的來源：<reason>。未啟用本機覆寫。
VK0052,active,error,2,pending,engine,"An action that needs to read a local override source finds the source invalid; only actions that need to read it are blocked; undev can remove the override without reading the source, test still reports VK0032, bootstrap.sh ignores the override, and update checks versions according to the lock version line; <undev_command> is filled as just vendor_kit undev <repo> or just vendor_kit undev --engine, depending on the target",Cannot read the local override source <source> for <target>: <reason>. Run: <undev_command>,需要讀取本機覆寫來源的動作發現來源失效；只擋需要讀取它的動作；undev 不讀來源即可解除，test 仍報 VK0032，bootstrap.sh 忽略覆寫，update 照版本鎖定行查版本；<undev_command> 依對象填成 just vendor_kit undev <repo> 或 just vendor_kit undev --engine,無法讀取 <target> 的本機覆寫來源 <source>：<reason>。請執行：<undev_command>
VK0053,active,error,2,pending,engine,"Synchronization fails after undev removes an override, or a read-only recipe detects an incomplete undev progress file; sync does not clear the progress file on undev's behalf; <undev_command> is filled from the progress file as the original just vendor_kit undev <repo> or just vendor_kit undev --engine",The undev operation for <target> is incomplete. Run again: <undev_command>,undev 解除覆寫後同步失敗，或唯讀 recipe 偵測到未完成的 undev 進度檔；sync 不代替 undev 清掉進度檔；<undev_command> 依進度檔填成原本的 just vendor_kit undev <repo> 或 just vendor_kit undev --engine,<target> 的 undev 操作未完成。請再執行一次：<undev_command>
VK0054,active,error,2,pending,engine,"A read-only recipe detects a progress file for an incomplete writing recipe other than the four kinds (incomplete import, tool upgrade, engine upgrade, undev), such as remove, install, uninstall, or dev; it does not resume or delete the progress file; bootstrap.sh still follows the existing determinations of VK0037 and VK0023 and does not widen the initial-import exception; <original_command> is rebuilt by VK from the progress file as the original full command, keeping its arguments, quoted by POSIX shell rules",Operation <operation> in <install_dir> is incomplete. Run again: <original_command>,唯讀 recipe 偵測到未完成導入、工具 upgrade、引擎 upgrade、undev 這四種以外的可寫 recipe（如 remove、install、uninstall、dev）未完成的進度檔；不恢復、不刪進度檔；bootstrap.sh 仍依 VK0037 與 VK0023 的既有判定，不擴大首次導入例外；<original_command> 由 VK 依進度檔重組原本完整指令，保留參數並依 POSIX shell 規則加引號,<install_dir> 中的 <operation> 操作未完成。請再執行一次：<original_command>
VK0055,active,error,2,failed,engine,"A network, registry, or authentication error (including timeout) occurs while update, add, upgrade, or sync lists tags or obtains a tool image; this includes failure to read the file specified by --registry-token-file (missing, unreadable, or empty), or the registry rejecting the supplied token; a rejected token is not retried anonymously; listing versions when registry read access is required and --registry-token-file was not supplied still reports VK0001; update does not report up-to-date from a stale cache and does not prompt for authentication",Cannot access <source> for <target>: <reason>. The requested operation did not complete.,update、add、upgrade 或 sync 列 tag 或取得工具 image 時發生網路、registry 或認證錯誤（含逾時）；包括讀 --registry-token-file 指定的檔失敗（不存在、讀不到、空的），或 registry 拒絕帶入的 token；被拒後不改走匿名重試；列版本時 registry 要求讀取權限而沒有帶 --registry-token-file 仍報 VK0001；update 不以舊快取回報已是最新版，不跳出認證詢問,無法存取 <target> 的 <source>：<reason>。要求的操作未完成。
VK0056,active,error,2,failed,engine launcher,"VK encounters an internal error, including an event name absent from the event registry; this is a VK bug",Internal vendor_kit error: <reason>. This is a VK bug. Report it at https://github.com/ycpss91255-research/vendor_kit/issues and attach run log <path>.,VK 發生內部錯誤，包括事件名未登錄於事件註冊表；這是 VK 的 bug,vendor_kit 內部錯誤：<reason>。這是 VK 的 bug。請到 https://github.com/ycpss91255-research/vendor_kit/issues 回報，並附上執行紀錄 <path>。
VK0057,active,error,2,failed,engine,add vendor_kit is requested; vendor_kit is a reserved tool name,Cannot add vendor_kit: vendor_kit is a reserved name. Use a different tool name.,執行 add vendor_kit；vendor_kit 是保留的工具名稱,無法 add vendor_kit：vendor_kit 是保留名稱。請使用其他工具名稱。
VK0058,active,error,2,failed,engine,"update finds tags in the registry for the queried tool or engine, but none is a valid vX.Y.Z tag; the corresponding result line prints latest: none","Cannot determine the latest version of <repo>: the registry has tags, but none is a valid vX.Y.Z tag. The query did not complete.",update 查到 registry 有所查工具或引擎的 tag，但沒有合法的 vX.Y.Z tag；對應結果行印 latest: none,無法判定 <repo> 的最新版本：registry 有 tag，但沒有合法的 vX.Y.Z tag。查詢未完成。
VK0059,active,error,2,failed,engine,"A value in .vendor_kit/config.toml is invalid: lock_timeout_seconds must be an integer greater than or equal to -1, lock_enabled must be a boolean, and [test].image must be a nonempty string and [test].command a nonempty array of nonempty strings; test <path> also reports this code when [test] or a required field is missing; all entry points, including rescue paths and the engine invoked by bootstrap.sh, stop; <field> names the field, <value> prints the invalid value or missing, and <fix> gives the required correction",Invalid configuration in .vendor_kit/config.toml: <field> = <value>. The requested operation did not complete. Fix <field>: <fix>.,.vendor_kit/config.toml 的設定值無效：lock_timeout_seconds 必須是大於等於 -1 的整數，lock_enabled 必須是布林值，[test].image 必須是非空字串，[test].command 必須是由非空字串組成的非空陣列；test <path> 缺少 [test] 或必要欄位也報此碼；所有入口（含救援路徑及 bootstrap.sh 帶出的引擎）一律停下；<field> 指名欄位，<value> 印錯誤值或 missing，<fix> 給出修法,.vendor_kit/config.toml 的設定無效：<field> = <value>。要求的操作未完成。請修正 <field>：<fix>。
VK0060,active,warn,1,,engine,"lock_enabled = false in .vendor_kit/config.toml disables locking for a filesystem that does not support file locks; every execution reports this warning, including automatic sync and the engine invoked by bootstrap.sh",Locking is disabled in <install_dir> by lock_enabled = false in .vendor_kit/config.toml. Concurrent executions are not protected by shared or exclusive locks. Use this setting only on filesystems without file lock support; otherwise set lock_enabled = true.,.vendor_kit/config.toml 的 lock_enabled = false 關閉檔案鎖，只給不支援檔案鎖的檔案系統用；每次執行都印此警告，包括自動 sync 與 bootstrap.sh 帶出的引擎,<install_dir> 的 .vendor_kit/config.toml 設定 lock_enabled = false，已關閉檔案鎖。同時執行時沒有共享鎖或排他鎖保護。此設定只給不支援檔案鎖的檔案系統用；其他情況請設 lock_enabled = true。
VK0061,active,warn,1,,engine,"remove or uninstall cannot reclaim inserted lines because the whole-file hash differs from the hash recorded after VK last wrote the file, or the old record has no hash; the lines are left untouched; the diagnostic lists the file, original text, and all currently matching line numbers (none when there are no matches)","Cannot reclaim inserted lines from <file>: the file changed after VK last wrote it, or its recorded whole-file hash is missing. The lines were not removed. Handle them manually.
Original text: <text>
Currently matching line numbers: <line_numbers>.",remove 或 uninstall 收回插入行時，整檔 hash 與 VK 上次寫入後記錄的 hash 不同，或舊紀錄沒有 hash；這幾行不動；診斷列出檔名、原文與目前所有相符的行號（沒有相符行時印 none）,"無法收回 <file> 的插入行：檔在 VK 上次寫入後被改過，或紀錄缺少整檔 hash。這幾行未收回，請手動處理。
原文：<text>
目前相符的行號：<line_numbers>。"
VK0062,active,error,2,failed,test,"test <path> completes the full installation checks with a nonzero check exit code; no tests are started; the execution ends with max(check exit code, 2), so a check exit code of 3 is preserved in addition to this error/2 diagnostic",Installation checks returned <check_exit_code>. No tests were started for <path>. Resolve the check diagnostics and retry.,"test <path> 的完整安裝檢查結束碼不是 0；測試沒跑；整次以 max(檢查碼, 2) 結束，因此檢查碼為 3 時，除了此 error/2 診斷仍保留整次的結束碼 3",安裝檢查回傳 <check_exit_code>。<path> 的測試沒跑。請處理檢查診斷後重試。
VK0063,active,error,2,failed,test,"test receives more than one path, or the selected path or any selected file is invalid or outside the install directory's test/ after resolving symbolic links, points into .vendor_kit/, does not use the test/... form, or is combined with test dist; directories include subdirectories; no tests are started",Invalid test path <path>: <reason>. No tests were started. Specify one file or directory under the install directory's test/ and retry.,test 一次給兩個以上 path，或選取路徑或任一選取檔無效、解析符號連結後不在安裝目錄的 test/ 內、指到 .vendor_kit/、沒有寫成 test/...，或與 test dist 混用；資料夾包含子資料夾；整次測試不跑,測試路徑 <path> 無效：<reason>。整次測試沒跑。請指定安裝目錄 test/ 內的一個檔案或資料夾後重試。
VK0064,active,error,2,failed,test,"The scope selected by test <path> includes a test recorded by VK as delivered by a tool, whether as a whole initial file or inserted lines; user edits do not remove that attribution; no tests in the selected scope are started",Cannot run <path>: VK recorded this test as delivered by tool <repo>. No tests were started. Select a scope containing only user-maintained tests that were not delivered by tools.,test <path> 選取範圍含 VK 紀錄為工具交付的測試（整份初始檔或插入行）；使用者改過也算；選取範圍的整次測試不跑,無法執行 <path>：VK 紀錄此測試由工具 <repo> 交付。整次測試沒跑。請選擇只含使用者維護、且不是工具交付測試的範圍。
VK0065,active,error,2,failed,test,test <path> selects no tests; the runner is not started,No tests were selected under <path>. No tests were started. Specify a path containing tests and retry.,test <path> 沒選到任何測試；runner 不啟動,<path> 內沒選到任何測試。測試沒跑。請指定含測試的路徑後重試。
VK0066,active,error,2,failed,test,"The runner for test <path> cannot be started or is interrupted during execution; any available original runner exit code is printed on a diagnostic continuation line, or unavailable if no runner exit code exists","Cannot complete the test runner for <path>: <reason>. Check the test image and command in .vendor_kit/config.toml and retry.
Runner exit code: <runner_exit_code>.",test <path> 的 runner 無法啟動或執行中斷；runner 原始結束碼印在診斷續行，沒有 runner 結束碼時印 unavailable,"無法完成 <path> 的測試 runner：<reason>。請檢查 .vendor_kit/config.toml 的測試 image 與 command 後重試。
Runner 結束碼：<runner_exit_code>。"
VK0067,active,error,2,failed,test,The runner for test <path> finishes normally with a nonzero exit code (test failure); VK exits with 2 and prints the original runner exit code on a diagnostic continuation line,"Tests failed for <path>. Review the runner output, fix the failing tests, and retry.
Runner exit code: <runner_exit_code>.",test <path> 的 runner 正常結束但回非 0（測試失敗）；VK 以 2 結束，runner 原始結束碼印在診斷續行,"<path> 的測試失敗。請查看 runner 輸出、修正失敗的測試後重試。
Runner 結束碼：<runner_exit_code>。"
