18	MERGED	feat!: rename docker_template → template (v0.4.0)
26	MERGED	chore: remove migrate.sh (all repos migrated)
27	MERGED	docs: remove i18n for TEST.md and CHANGELOG.md
29	MERGED	docs: add v0.4.1 and v0.4.2 to CHANGELOG
103	CLOSED	bug: _lib.sh _detect_lang returns "zh" for zh_TW locale (inconsistent with build.sh/run.sh/i18n.sh)
125	CLOSED	test-tools v0.9.13 multi-arch image: arm64 manifest contains x86_64 binaries
151	CLOSED	Upgrade 15 stale downstream repos: --lang zh-TW silently falls back to English
156	CLOSED	upgrade.sh --check uses string equality, not semver — reports prerelease as 'needing downgrade'
164	CLOSED	ci.sh: kcov/kcov compose runner can't reach deb.debian.org from networks where the TW mirror is reachable
172	CLOSED	feat(init/upgrade): sync .gitignore on both new-repo init and template upgrade so derived artifacts stay untracked
187	CLOSED	bug(setup_tui): saving wipes <repo>/setup.conf to 0 bytes (dst == tpl aliasing in _write_setup_conf)
195	CLOSED	feat(build-worker): support Dockerfile in subdirectory via context_path / dockerfile_path inputs
199	CLOSED	feat(setup): setup.conf [build] context + additional_contexts for subdirectory-layout repos
210	CLOSED	Dockerfile.example: evaluate adding ENV TZ and ENV LANGUAGE to align with downstream fleet
272	CLOSED	CI: refine BuildKit cache scope to per-(repo, distro, arch) to avoid shard cross-invalidation
289	CLOSED	exec.sh: support -- separator before CMD (consistent with run.sh)
310	CLOSED	setup.conf: add [logging] section with json-file driver rotation defaults
388	CLOSED	feat(prune.sh): clean up stale tagged images from removed worktrees
403	CLOSED	fix(upgrade.sh): #399 idempotency regex false-positive on COPY script/*.sh /lint/script/
444	CLOSED	build-worker: add submodules input for repos with git submodule source
450	CLOSED	feat(setup): support mount propagation modes (rslave, rshared) in volumes
546	CLOSED	refactor(make): retire Makefile wrapper + downstream fanout (phase 2 of #475, ADR-00000005)
587	CLOSED	ci(release-test-tools): build arm64 on a native runner instead of QEMU
594	CLOSED	feat(justfile): support repo-local recipes via import? + seed justfile.local scaffold
602	CLOSED	publish-worker: multi-platform publish pushes the same tag per shard -> last-shard-wins single-arch (no manifest merge)
603	CLOSED	test(ci): add native arm64 matrix to integration-e2e (#579 A2, deferred)
605	CLOSED	feat: single-sink TTY-cache revision (#438) + ADR 00000007
625	CLOSED	refactor(structure): justfile layering + base/downstream directory split (epic)
652	CLOSED	refactor(justfile): docker as a namespace, no top-level special case; build --stage (ADR-00000011)
688	CLOSED	test(setup): cover apply/emit trust-boundary + metacharacter/quoting gaps
700	CLOSED	fix(error-path): guard conf-writer mktemp failure + surface failed upgrade rollback (silent clobber / false 'restored')
702	CLOSED	fix(wrappers): bare-read EOF crash in prune --volumes + build --reset-conf prompts (unfixed #700 siblings) + conf mv-failure cleanup
719	CLOSED	fix: init.sh refuses self-run inside the base template source (.git-presence guard)
720	CLOSED	fix: just --list shows broken module descriptions (docker empty, base truncated)
766	CLOSED	Guard self-hosted-eligible CI jobs to same-repo events (prereq for any self-hosted migration)
772	OPEN	test(e2e): full real-flow e2e for just base upgrade (defer to v1.0.0)
788	OPEN	just completion: namespace/module recipes do not space-drill (upstream-blocked, tracking)
789	CLOSED	just --help coverage for shipped subcommands + reconcile ADR-00000011 drift
813	CLOSED	Add safe multi-arch-aware GHCR cleanup for the test-tools package
822	CLOSED	Provide a downstream base-release notification/tracking mechanism
828	CLOSED	bug: local :local image tags (test-tools:local) are not version-scoped -> collide across repos/versions
829	CLOSED	convention: downstream dep-bump full automation (setup.conf build-arg single-source + ABI-gated auto-release)
868	CLOSED	EPIC: unify the env-file naming rule -- standard name is ours, suffix is local
887	CLOSED	fix(test-tooling): shared test-tools tag collides between runs, and no just entry runs one spec under kcov
891	CLOSED	fix(test): concurrent runs share one image tag and one compose project by accident
893	CLOSED	feat(setup): per-worktree .setup.conf.local override layer and a real project-name key
895	CLOSED	chore: nine undocumented environment variables that change behaviour
900	CLOSED	fix(ci): every name CI creates is constant across concurrent runs
915	CLOSED	fix(upgrade): a v0.41.0 consumer half-upgrades to v0.42.0 and loses just entirely
916	CLOSED	fix(bootstrap): a new repo cannot bootstrap against v0.42.0 (template bootstrap.sh names the pre-dist init.sh)
927	OPEN	fix(ci): the base-version monitor has never reached a single downstream repo, and nothing checks delivery
928	OPEN	fix(init): _create_new_repo is unreachable via bootstrap, so a new repo gets no CI, changelog or smoke scaffold
937	CLOSED	fix(init): the Dockerfile and .env migrations rewrite consumer files with no rollback on the repos that will run them
939	CLOSED	fix(dockerfile): multi-platform builds hardcode one architecture, and nothing reports which literals leaked
945	CLOSED	refactor(entrypoint): auto-updating base orchestrator so downstream entrypoints stop drifting
948	CLOSED	fix(docker): just has four provenance paths and no shared version
952	CLOSED	docs(coverage): the README claims coverage and shows no number, so publish the release figure without a SaaS
953	CLOSED	fix(test): 260 tests pass when their subject is deleted, because 56 existence guards fail open
956	CLOSED	fix(upgrade): migration + wrapper failure-path robustness (pip_helper delete, post-hook skip, subtree trap)
978	CLOSED	refactor(doc): remove the derived test figures and report from the run instead (implements ADR-00000028)
980	CLOSED	build-worker: cache_backend: registry unusable -- preflight/build jobs declare permissions: contents: read, intersecting away the caller's packages: write
990	CLOSED	fix(test): CRLF disarms the errexit-bang backslash continuation and its splice
995	CLOSED	fix(docker): base leaves its own litter, and the collector nobody runs is not a collector
997	CLOSED	convention: a resource a flow creates is reclaimed by the verb that ends the flow, not by one the operator must remember
999	CLOSED	refactor(test): the catalogue's descriptions live beside their tests, and the document is generated
1008	CLOSED	fix(docker): Dockerfile.test-tools has no Alpine mirror override, so the gate image is unbuildable where dl-cdn is blocked
1010	CLOSED	fix(ci): the test-tools staleness guard misses its sixth call site, and its roster names 5 of 15 tools
1012	CLOSED	fix(ci): an RC tag moves test-tools:latest, and the unrecognised-input branch picks it too
1014	CLOSED	fix(ci): a cleanup failure reddens a good build, a fork PR reddens with no reason, and nothing declares concurrency or timeouts
1015	CLOSED	fix(test): nothing in just stops what just test started, and an interrupted run reddens the next one with no failing test
1021	OPEN	fix(adr): nothing allocates an ADR number, so three parallel branches all took 00000030 and every gate stayed green
1024	OPEN	fix(test): the undescribed ceiling is a number every branch edits, so every merge conflicts on it and neither side is right
1030	OPEN	fix(coverage): kcov's bash engine discards lines under bash 5.3, which blocks the Alpine 3.23 bump due 2026-11-02
1032	CLOSED	fix(test): a coverage run leaves reports the next run cannot erase, so the second run in a worktree never starts
1034	OPEN	fix(release): the completeness count shares its section boundary with the merge, so a mid-section link definition shortens the page silently
1035	OPEN	docs: the README ADR range is eight records stale and the PRD promises a retirement that did not happen
1036	CLOSED	fix(upgrade): the migrated Dockerfile is left uncommitted, then the user is told to push
1039	OPEN	fix(changelog): a branch open across an RC cut files its entry under the release it did not ship in
1041	OPEN	test(upgrade): nothing drives tag N to tag N+1, and the window goes vacuous when v0.43.0 ships
1042	OPEN	test(just): 21 of 43 recipes are driven by no test, and nothing enforces the bar
1044	CLOSED	fix(upgrade): the repo-owned smoke tree is never migrated, so upgraded repos diverge from fresh ones
1048	OPEN	test(upgrade): the release that bricked every consumer was green because the upgrade fixture is copied from the candidate tree
1049	OPEN	fix(upgrade): a consumer older than v0.41.0 can reach no current release, and the refusal does not say so
1050	CLOSED	fix(init): the rollback does not know about the smoke tree #1045 moves
1054	OPEN	track(upgrade): three defects from one unwritten compatibility contract
1055	CLOSED	track(upgrade): declare what a Y may change and how far back repair reaches
1057	OPEN	track(test): assert an upgraded repo equals a freshly bootstrapped one
1065	OPEN	docs(prd): base's layout is recorded nowhere and checked by nothing, and an enumerated record would collide every time a directory is added
1068	CLOSED	perf(test): the coverage shard runs --jobs 4 on CI because nproc is the wrong question for a latency-bound gate
1077	CLOSED	fix(upgrade): upgrade.sh has no compatibility forwarder, so the command that just worked exits 127
1078	OPEN	fix(upgrade): upgrading writes a new file into the consumer's .github/workflows, announced as one INFO line
1080	CLOSED	fix(ci): the shellcheck job runs an unpinned binary, so the local gate cannot predict it
1082	OPEN	feat(ci): give consumers a publish-capability check over their whole workflow set, not just the gated one
1084	OPEN	fix(test): the frozen-path guard goes quiet one release after it was written
1086	CLOSED	fix(upgrade): the setup.conf relocation migration cannot reach a v0.41.0 consumer, and disarms itself after the hop it missed
1087	OPEN	feat(setup): parameterise both generate APIs so an orchestrator can drive one repo N times
1089	OPEN	fix(test): deleting the GHCR cleanup workflow leaves its 22-case guard reporting green
1090	OPEN	fix(test): nine guards whose population or subject is declared, not derived
1091	OPEN	feat(tdd): break the behaviour once, to prove the test was pinning it
1092	OPEN	fix(upgrade): a squashed subtree pull cannot see a local edit upstream did not touch
1093	OPEN	fix(config): ten repos share one setup.conf ancestor that predates the template rename
1097	OPEN	feat(upgrade): let init.sh run the migrations between the version it came from and the one it is
1103	OPEN	feat(changelog): fold the duplicate category heading a merge produces, instead of only refusing it
1109	OPEN	fix(ci): the shared test-tools latest tag moves before the smoke test that is its only check
1110	OPEN	fix(upgrade): the restart-default migration gates on the tree the pull replaces, so no consumer can reach it
1111	OPEN	fix(init): the generated monitor workflow freezes a base-internal path in every consumer repo
1112	OPEN	fix(upgrade): two of the four shipped reusable workers keep their old ref, and the commit message claims otherwise
1114	OPEN	fix(ci): each of the twelve coverage shards looks the weights cache up separately, so the partition may not be one
1117	OPEN	refactor(test): four families that restate what a sibling already proves, and one that proves nothing
1118	OPEN	fix(setup): the shipped tree tells users to run two commands they do not have, and drops three log bodies
1119	OPEN	fix(gitignore): a gitignore pattern is handed to git as a pathspec and the fatal is swallowed
1121	OPEN	docs: five README and doc statements the tree contradicts
1122	OPEN	fix(ci): test-tools image version has two independent sources of truth
1124	CLOSED	Add tag ruleset: require CI for v* tags
1127	OPEN	epic: TOML config format unification (ADR-37)
1138	OPEN	D11: TOML config schema validation (refs #1127)
1143	CLOSED	fix(release): a release can be cut from a commit that passed CI but is not on main
1149	OPEN	fix(test-tools): kcov binary is musl-linked and cannot execute on Ubuntu/glibc downstreams
1154	OPEN	test: comprehensive input validation for all setup.toml parameters
1155	OPEN	refactor: rename DOCKER_HUB_USER to USER_NAME -- misleading variable name
1160	OPEN	fix(init): a rolled-back resync leaves the smoke-tree rename staged in the index
1161	CLOSED	Rename setup.local.toml to setup.toml.local for naming consistency
1162	OPEN	fix(toml-bridge): --merge always exits 1 and conf.sh swallows it
1163	OPEN	release blocker: just upgrade silently disables a downstream operator's .env.local overrides (refs #1127)
1164	OPEN	test: fixtures named setup.toml contain INI, so their assertions were never exercised (refs #1127)
1165	OPEN	fix(conf): the config writers still emit INI into setup.toml (refs #1127)
1166	OPEN	fix(test): the test-tools tag misses the files its Dockerfile COPYs
1168	OPEN	The env.toml / env.local.toml layer is specified by ADR-37 but not implemented (refs #1163)
1169	OPEN	fix(test): the test-tools tag misses the files its Dockerfile COPYs
1171	OPEN	fix(ci): the tooling image's change signal names only its Dockerfile
1172	OPEN	fix(build): the downstream tooling build COPYs a path that exists only in base
1173	OPEN	feat(test): no just entry for running a single spec, so the TDD inner loop reaches past just
1175	OPEN	fix(ci): the toml-bridge smoke test feeds its probes to the entrypoint, so three of four cannot fail
1176	OPEN	Migrate toml-bridge to its own repo and consume the published image
1180	OPEN	chore(toml-bridge): retire this repo's copies now that toml-bridge owns the package
1181	OPEN	base is the only consumer of toml-bridge's baked-in CLI: if the parser leaves the image, base needs its own reader or its own image
1182	OPEN	chore(labels): adopt the canonical five-role triage vocabulary
1183	OPEN	labels: no label says an issue is blocked on a decision rather than triage
1187	OPEN	fix(test): the tooling image's egress failure reports a packaging mistake, and is re-paid on every invocation
1188	OPEN	track(deploy): the container's user identity is fixed at build time, so a field operator's UID never matches
1189	OPEN	fix(upgrade): a migration that recognises nothing is silent, same as one with nothing to do
